4869.8,5182.3,20486,10178,15219,15718,8141.4,5178.7,4090.7,6442.8,3991.6,5452.1,3808.4,6867.5,3469.9,3124.3,2278.8,1515.7,1339,5773.5,1301.8,1795.2,3797.1,3040.9,4139.2,1240.7,732.88,587.58,7365,824.25,1347.2,1240.2,657.58,596.53,476.1,388.6,574.66,536.71,417.66,527.14,507.71,535.84,513.84,690.2,1063.7,1228.3,1359.9,990.93,3286.6,1913.1,2204.3,9204.5
8263.7,5651.6,6793.5,3572.3,2280.6,2091.9,2976.8,3177.3,2909.8,3518.4,2112.7,4919.4,9290.6,27925,6886.4,4735.5,5508.8,4801.3,9125.3,2572.5,19856,2575.6,2130.8,2181.4,2492.4,1192.2,1587.2,1998.7,1292.8,8163.6,8345.2,18275,16368,14484,3695.8,1542.3,1013.2,835.51,1165.1,592.47,579.35,770.26,592.93,684.14,722.24,814.3,755.05,754.78,1860,3364.6,3305.8,5957.2
6703,44138,4748.8,3796.8,14517,8628.4,8657.1,7128.7,3734.7,36963,5700.6,5657.8,13599,8692.7,6843.7,3611.2,3761.3,3357.4,2352.5,2186.7,1510.5,2298.6,2768.4,9545.9,5623.7,12798,1714.9,1052.9,806.85,592.84,722.25,1238.9,809.71,582.35,509.89,960.63,492.35,483.52,550.47,715.29,1147.1,16883,2084,4902.5,10331,3847.6,7365.5,13438,3874.3,16463,11968,51158
12098,16872,9607.2,8998.2,6289.5,8779,17442,13174,6387.6,5159.9,4302.8,8970.6,4101.6,3949.6,6500.8,14173,5395.3,2120.8,3288.2,4261,1254.6,2407.7,1065.8,1721,698.24,1183.9,637.7,842.16,581.51,710.58,1342,2251.7,1620.2,2077.6,1435.1,4198.2,1320.2,818.79,578.76,587.64,518.8,582.33,510.97,543.28,627.72,654.8,643.93,626.9,786.23,795.23,1012.6,1439.2
1485.9,1427.6,1306.9,1288.9,1380.1,1032.5,882.37,1173.1,18773,9698,2586.9,7040.7,17809,5881.5,38400,12090,3481.2,1621.6,919.46,6088.6,3585.2,14183,28262,6736.9,10446,3317.4,3862.2,3469.5,1333.6,9140.6,7241.5,3148.5,1279.6,5108.7,5134.8,24360,10849,7457.7,2557,3851.7,2560.2,1682,1454.4,1355.1,1418.8,1256.1,1756.3,34673,11226,3727.4,9262.5,5421.4
15618,8589.9,6398,16422,5123.2,4905.1,14588,7023.9,5846.2,6969.2,19555,9651.2,33534,22639,10907,20572,8784.7,6670,7032.4,6961.7,12752,3257.5,2473.9,2056.1,1499.3,955.22,1020.1,2380.3,4122.2,2670.3,826.1,949.99,554.58,625.17,587.28,11987,4354.3,1251.1,1593.8,715.7,646.12,638.24,636.83,1476.3,3558.7,7368.5,1995.7,2270.8,1780.8,9285.1,3258.5,2465.5
59450,29178,52455,11337,11080,18282,55409,12724,6425.5,5135.9,29860,33521,19706,64980,34638,8435,6458.6,3426,2150.6,1897.7,1228.4,1114.9,1636,10961,7802.1,3496.7,1678.6,1059.6,8087,7615.5,7001.4,6896.6,1836.9,1471.7,7833.4,1153.8,2179.1,1011.5,1030.2,19006,5388.7,9507.9,3893.1,2086.5,1686.3,3236.7,2099.7,2330,5956,18505,17415,7152.2
62921,18694,48110,25065,25402,13900,11059,13648,9719.6,7794.5,7648.2,7048.3,6984.4,13252,6332.2,3539,26070,8245.3,4822.8,6329.4,2531.7,2024.7,5411.7,2592.5,1998.7,1065.9,4896.5,1914.9,1839.3,1289.8,8660.4,3333.7,14258,7979.1,14071,18620,6004.7,2396.7,1988.3,9360.1,5603.7,3409.7,3431.6,3427,2065.9,7238.8,2743.6,2794.5,2570.4,2306.7,2776.1,6479.8
15417,10700,5249.2,8392.4,5019.9,3382.8,3232.6,5151.6,5110,11798,7325.1,4024.5,3193.2,6538.2,12683,4187.8,2929.7,1943.8,1452.5,2600.3,3305.1,2682.3,3713.6,2885.6,16112,8428.6,9385.9,6606.9,5648.2,53439,6862.2,3947.5,1915.3,1190,1051.4,1091.9,797.96,1515.3,860.64,935.43,788.24,801.25,1126.7,1034.7,1282.2,1122.9,13021,3086.7,9456,5481.8,2685.3,12424
4861.7,5819.2,8028.5,6761.7,18053,37548,33180,13263,39520,12308,21229,8180.1,16219,11797,5344.8,5793.7,5812.5,21395,3829.4,2498.2,2531,2601.5,3425.6,3020.3,3751.4,1593.5,6689.2,1773.4,5090.9,7074.4,4617.5,4768,39441,14866,25090,3134.6,1644.5,1770.7,1229,1804.1,1126.6,994.48,900.05,1438.8,1901.2,1258.7,2441.8,1496,1725.7,1698.3,1934.4,6885.5
3128,5503.2,8998.7,3900.9,3922.9,29960,9437.6,19791,6535.9,9141.6,11501,5968.2,5491.4,5183.2,11842,8860.7,7502.2,2522.2,1357.6,1026.1,7629.8,5935.2,2481.2,2919.7,8532.9,1619.4,2051.1,2691.5,1714.8,1101.4,1660.6,1305,25476,16090,4776.8,2655.4,2389.3,1226.9,924.92,767.17,726.76,706.25,731.52,1778.8,2479.1,19303,9265.2,6781.1,3325.4,3340.9,4658.3,9100.8
9502.5,6035.2,8511.3,6425.9,5395.1,3746.7,6210.1,5124.1,3910.4,9225.9,12246,4550.4,8976.4,21764,12715,5750.7,7841.9,4012.5,2055.7,1229,756.79,1225.9,2249.4,5418.6,3443.5,5433.4,2529.5,5555.1,9733.5,7116.8,1429.5,606.45,555.91,1328.9,1367.1,2503.7,932.86,586.16,553.58,561.71,522.61,514.04,502.47,586.19,625.69,606.46,616.17,625.36,1105.3,1230.1,1240.7,2221.4
1715.9,1296.9,1701.1,1613.1,2964.4,4106.6,9044.4,8129.6,5944.4,18940,11175,6322,7774.4,3534.8,3254.8,2252.8,1622.1,4350.9,2184.6,10167,8675,2474.9,6471.4,13889,5152.9,2611.1,1436.4,1204.1,656.6,1976,1522.1,3329.8,8138.1,6100.1,2762.8,4849.2,6308.3,1445.4,2579.5,672.28,1288.7,6347.7,2741.3,3248.1,3160.2,2942.1,3859.9,3660.6,8361.3,10130,8291.8,11029
11549,9987.3,18114,20956,19741,23662,9115.2,4960.2,4390,16264,9950.1,15676,17193,7128.8,5697.9,18851,9589.4,2875.7,2161.4,3114.8,3742.8,4099.8,7940.4,10957,3933.3,3061,10055,21646,15700,5800.2,1998.1,1006.9,1284.2,1008,2738.9,2748.7,1709,1693.5,2320.1,892.57,785.91,821.26,869.68,916.94,1079.6,1320.3,1332.5,1241.3,1220.1,1211,1254,6188
14847,7837.7,17949,6850.3,3995.7,6107.8,26404,23783,12012,19440,27209,25582,26890,14150,26442,17985,11501,6500,7657.3,3004.2,3703.7,2548.6,1449.6,1204.7,1131.7,711.1,1378.8,2312,10739,5823.9,4018.9,6079.8,1513.1,1049.8,946.23,830.87,907.81,4223.7,3136.6,18020,7276.2,8250.8,17671,6753.6,2790.6,3249.6,3893.6,10326,7203,9172.2,5642.7,4770.6
8416.3,11101,7255.8,5568,4992.2,8492.3,19976,27647,18521,10204,5911.9,6442.4,5325.2,4285.9,2925.6,4848.3,5572.8,4391.1,2789.1,3386.2,3693.9,3565,815.33,1032.6,872,1575.3,1374.9,1944.1,9210.8,6970.8,1798.7,2210.5,3385.7,4031.3,4738.9,12634,22843,1.2234e+005,30835,5503.4,4675.6,2850.9,2582.6,2071.5,2077.2,2348.9,3701.3,3615.7,13921,10711,11316,36094
18313,12770,13876,15340,17997,25935,25814,22351,10141,5670,4380.7,6741.5,5173.7,5870,4602.3,4849.7,4545.9,7931.6,6547.2,9561.3,10126,5069.3,3230.7,2975.8,4770,3190.1,3873.5,7331.8,4202.5,3790.2,4470.5,4013.5,1827.5,4510.3,4313.5,1076,1340.8,1781.6,3246,1728,6024.2,3701.5,2120.3,2677.3,3293.9,3210.8,4434.2,2958.3,2525.9,2297.1,4120.1,4629.8
12271,15195,31739,23453,7027.9,3982.6,3407.9,4130.4,4121.3,7990.1,16002,9362.1,6002.9,5842.2,7925.2,10796,4080.4,2530.1,1581.5,1133.6,2109.4,1986.8,1129.1,1053,1591.2,1894,798.76,1886.5,1214.9,1663.3,701.33,1091.7,586.92,1596.9,1408.4,1248.8,1513.7,1292.1,34187,1630.4,3633.2,7148.6,2940.1,7535.2,13032,25321,20824,8958.2,3260.8,4493.4,5392,4677.2
5438.7,7540.3,7847.1,9911.9,13020,26084,46963,17784,11645,17016,16880,9791,8364.5,18108,10430,10550,6032.2,3863.7,2912.2,4146.7,2072.5,6676.6,2838.5,2209.1,2581.3,4770.1,1662.8,754.37,1862.8,1687.1,3753.6,6251,2385,1531.6,952.4,770.64,960.01,657.07,754.98,5679.2,5253.5,2895.4,1794.3,1818.1,9624.2,8601.5,15000,41830,26330,11187,11201,17700
23328,13814,7081,7578.7,9060,11091,12137,17606,11886,6328.7,6500,8743.9,8374,8014.6,10200,5157.3,4849.1,14269,13390,9084.6,2818.7,2974.1,2254.7,2051.5,1647.2,2717.3,10160,5229.9,18980,4308.3,2818.6,2279.6,5668,15234,18857,6591,3220.8,6231,2749.7,6967.8,7538.6,4944.5,4649.2,26164,14710,5554.3,3843.7,5703.7,3393,4741,6898.9,6470.8
3651.7,3333,8490.3,7036.5,6147.5,5151.7,6194.9,5086,5212.6,5744.1,5899.3,13472,7735.6,4460.7,2919.3,2306.3,1922.5,9108,4939.9,10167,2795.8,9229.8,4980,1977.4,1826.2,5686.9,4314.7,18708,8596.2,3926.5,3999.5,1009.5,710.74,795.53,646.22,661.23,3122.6,1825.2,746.28,1274.8,1222.3,1605.8,4419.6,1744.9,1525.5,1339.5,1634.7,2435.5,8477.8,5879.4,3140.8,3698.6
3527.8,3390.8,3232.7,2452.3,3302.4,5892.2,4294.3,5243,3049.2,3523.7,7638.7,10623,6760.9,17051,20875,6845,8519.4,3388.3,3153.7,1293.6,1045.1,744.28,1614.1,1541.6,3442.4,3366.6,1298.5,664.4,759.53,1234.4,1424.6,2071,1705.7,898.99,719.8,448.65,513.79,565.26,479.24,516.54,555.19,536.29,569.55,837.95,1154.6,1051.8,836.3,1152.6,4121.3,3978.2,14273,9794.5
5880.2,10978,5070.2,12026,20488,12512,7595.9,10360,30314,50201,23046,16715,25705,13317,6609,4366.8,9557.5,7337.5,2581.3,2724.5,8776.7,3540.3,1974.6,1084.6,1527,1794.2,662.22,2054.1,681.07,734.45,1327.4,4023.6,2513,2665.5,8332.3,11874,2061.9,2670.1,16328,1840.2,1614.2,1440.9,1031.8,1158,1517.6,3558,19145,10943,4646.7,8444.4,5064.4,4932.9
21321,21049,10095,19775,11280,16020,28493,22405,14837,17965,20444,19472,17874,9386.4,10622,9247,4008.3,4043.4,5479.1,2352,1368.9,723.19,1081.3,4114.3,5261.5,2117.4,1835.6,852.34,813.78,548.84,480.19,483.81,525.88,601.75,427.58,513.27,465.6,408.3,1332.6,857.47,544.08,525.27,508.97,563.89,587.11,625.98,682.6,821.58,1157.5,4605.8,4830.2,2730.9
6469.2,5066.5,24896,37664,9656.4,3411.5,2510.2,6353,11017,8361.8,11250,6238.6,11600,9822.8,9200.9,7473.1,2453.9,2647,1781.7,5351.1,4286.6,3196.1,1228.6,2490.1,955.44,567.63,512.96,553.66,1424,908.17,993.29,722.08,589.48,700.04,714.13,494.77,426.79,441,434.81,3342.6,2730.6,22068,5653.3,3551.7,1841.4,1897.2,5334.9,4128.2,6036.8,13353,7990,7334.5
2206.2,3098.2,2921,6750.4,7156.5,21956,16294,8824.2,8240.9,6234.8,6555,8106.1,3774.3,3860.2,12423,11959,5655.1,1847,1495.7,2728.9,3714.3,1525.1,858.76,1004.9,720.59,1075.3,584.26,2730.5,1247.7,1269,1006.5,899.8,18865,13918,6460.9,10778,2611.4,5279.4,3744.7,7433.4,2435.2,2164.1,1295.2,1473.1,1707.2,1858.2,2786.8,2742.3,1709.7,1504.6,1339.4,1442
1349.9,1314.3,1421.4,2309.3,4902.6,23202,12050,11406,10695,7863,12658,16318,5278,4651.7,12915,12509,3661,7978.8,7152.2,2772.2,1099.2,1625.3,3555.6,910.54,940.68,1088.2,1091.3,1073.2,1973.8,1852.4,1733.2,704.78,865.57,1685.7,1076.2,2571.6,2453.3,901.86,5905.2,4514.6,3733.4,3354.9,12103,10557,5646.2,3370.1,2912.9,2444.4,4580.9,4631,9711.2,14299
4131.5,2772,2408.2,4522.1,32940,24049,15088,11889,28086,14780,9990.5,9670.2,11009,9919.8,9606.2,4499.8,7240.2,2060,2930.3,3554.2,2454.3,2406.9,6947.2,7508.5,2945.4,1599.4,1933.1,3487,2410.3,2060.4,1361.7,1432,1003.4,5623.9,6653.6,2805.1,4604.1,4225.7,5865.5,15280,4390.9,1894.3,1696.5,2263.4,3295.3,3261.8,15038,41740,12575,14915,7527.5,11561
10545,14814,18844,22433,14057,13679,10200,8058.4,21521,8493.9,7391.1,8075.6,16509,26959,21294,11804,11527,23770,38753,9107.4,6743.9,5771.4,3957.9,1748.3,1865.5,4839.6,2952.8,2253.2,3004.3,2778.8,2007.2,998.43,2018.3,1869.2,3517.1,739.71,540.07,562.88,935.53,1732.6,1032.8,698.02,1376.4,1334.3,1261.9,1027.7,1012.7,1275.3,1540.6,1686.4,2990.2,17448
13265,4943,4679.8,6396.4,4548.8,16538,14461,6907.9,4710,14163,4363,2411.8,4601.1,14172,21256,28783,14070,5718.8,2427.8,2187.2,1941.8,2617.1,10567,2089.1,880.58,935.27,650.4,4113.6,7163.5,5234.9,8887.6,3695,955.63,1013.4,4298.9,12698,4909.3,1558.8,3618.7,5232.8,33300,21851,14417,6005.6,8387.1,6442,7147.3,6871,3370.5,3862.7,20135,10141
10841,16531,6408.7,4071.1,25916,35505,31135,33605,27057,19502,20287,29438,14690,42634,22704,6942.5,5416.8,6208.6,9049.7,6226.1,1616.2,4654,3014,1388.6,1414.7,1463.2,972.27,1390.2,1054,1078.7,12378,4743.9,1774.6,3022,1974.9,1671,3902.4,3531.3,1050.7,1715.9,2425.3,1803.8,2265.7,1535.1,1265.1,1255.3,1313,1506.6,1366.1,2746.8,2432.2,2418.4
4303.4,2346.7,5867.7,3149.6,4502.5,17777,16975,18781,25704,11348,7866.8,13169,15751,25460,15744,15329,5157.3,5424.4,8554.2,12674,4275.4,3339.5,1003.2,2465.3,2880.5,6569.6,3144.9,1408.6,1227.1,1529.5,2539,4443.4,2203.6,5168.8,6518.6,1288.9,817.49,723.18,632.53,673.15,614.82,597.66,732.34,650.47,751.71,852.97,1046.7,1436.3,1845.8,5713.4,10352,6523.1
22219,25830,18459,19230,20993,7798.6,6290.9,24679,23356,11664,22565,12967,13065,15159,35834,13280,4357.5,4262.6,1805,1314.5,904.33,4827.1,6056.9,15498,9685.9,6422.4,16770,4382,1779.8,2190.4,2208.7,3980.2,1891.6,1249.1,1466.2,726.43,923.1,2944.9,2079.8,2255.6,1148.2,814.63,861.33,1314.4,13356,19090,11691,7773.4,11017,6193.8,5312.1,19242
7217.4,4553.1,13464,20679,9998,11559,12267,12279,19898,34319,25758,18309,7828.2,4222.3,5361.9,2849.1,1949.7,2366,1576.7,1205.7,3003.8,6715.3,3830.1,944.79,1442.7,1247.9,1904.3,1438,631.35,1599.8,1698.3,731.04,515.61,1729.3,793.88,1123,1424.5,1330.3,1550.9,1688.9,761.77,659.51,701.12,1213.6,9636.2,3049.7,1858,5901.9,4333.1,5732.5,5027.5,6144.2
9443.3,17774,14151,14520,8750.4,16972,14264,21244,12554,8942,7900.5,10883,8174.6,6417.8,28160,9681.8,4118.8,3439.1,2467.4,1524.4,897.69,1013.9,1821,806.12,1219.1,1549.2,566.38,1470.8,1259.2,1518.5,3475.6,2165.3,1294.9,1507.6,5129,3587.3,5190.1,7414.2,1313.5,16483,24764,10858,3906.2,2568.9,2163.1,2467.3,2316.9,4500.3,7076.3,6393.8,5992.9,18058
9790.3,4258,4283,9113.4,5471.6,17556,14731,15812,11264,27665,9678.1,25832,17451,6596.4,4719.8,3948.4,10272,5481.8,2149.2,1995,1847.2,3940.3,1099.9,16194,17416,7567.5,8627.3,16521,22673,18094,7594.9,4096.4,3879.2,3106.1,2250.5,1612.9,1459.5,1305.7,1419.4,1531.2,3621.8,1707.5,1386.7,1115.2,1013.8,1398.5,1441.2,2006.4,1208.3,1206.8,1297.9,1550.1
1444.7,2017.8,2592.9,7825.2,10867,13398,27553,18617,36175,30537,8369.2,6237.1,3513.9,3105.6,2802,2497.7,3685,12760,4353.5,2855.2,8583.6,9249.9,2037.8,1890.3,3375,975.44,877.52,677.68,1186,605.44,1384.1,1849.5,2443.8,1539.6,1371,895.82,654.05,2527,1464.2,1334.1,850.57,1172.4,1425,1221.6,1376.6,1413.1,1292.3,1471.7,1083.9,2001.4,2649.4,4708.6
3491.8,4981.6,4174.1,2535.3,2646.3,7807.9,13242,14262,5593,3612.6,3122.2,3710.5,2550.3,1821.8,1464.4,2024.5,4184.2,5543.4,3603.4,4209.1,3916.7,2293.9,1211.6,523.41,2163.3,1294.4,2072.5,866.71,1376.5,812.03,1732.2,2008.1,6493.5,5456.1,7754.3,851.32,1768,1019.3,854.62,928.7,871.46,1064,895.28,793.58,786.97,781.86,979.43,2728.1,6231.9,8915.8,7914.5,17104
9621.5,15278,25265,9038.9,5593.1,3945.1,2889.1,2531.3,3939.8,3789.3,21454,13452,5199.5,4108.8,4663.5,2522.5,2186.9,3712.6,2446.1,2650,1448,8963.5,2004,3544.5,2928.5,911.34,771.06,3684.5,3393.5,985.72,1259,702.4,1002.7,874.31,491.64,523.99,522.08,431.22,404.6,512.35,640.47,1086.2,1618.8,936.61,1203.8,4487.2,3760.1,1927.1,2780,2568.3,3058.8,4274.2
3894.3,2314.4,2657.7,12387,9065.1,14835,9863.8,8449.2,7945.8,21013,12416,14984,8096.9,4368.7,5806.6,13226,9701.7,2351.3,929.67,840.53,5929.3,3288,2969.3,8541.9,12561,3971.6,1552.2,3866.1,1467.6,815.71,5001.1,8898.4,4872,2735.3,823.49,1410.9,1280.8,3685.8,4054.7,5266.5,3586.5,1718.6,1551.4,1462.1,1647.5,1100.3,1280.2,1078.3,1617.7,5452.5,3171.1,11760
3794.8,3372.8,3839.6,3447.9,8805.3,16578,11394,12279,4990.2,5579,4812,12813,13197,16631,8201.2,9610.4,4740.3,10192,4068.7,2278.5,1399.3,1547.5,1081.1,878.99,780.67,2327.2,555.77,2448.2,712.28,1748,2829.4,5884.6,3226.9,4919.9,2366.5,1044.9,869.21,709.98,759.88,1088.5,876.91,1916,2502.5,4171.6,3583.2,9121.7,3696.9,2395.7,1809.3,2313.1,5271.6,4796.4
8146.9,12150,6778.2,7577.5,9849,28071,19503,10735,15298,26637,5956.1,4365.2,7609,11272,10918,3481.3,3594.9,10666,5048.7,18606,5255.7,10673,2216.8,1864.2,1881.1,3216.4,1270.6,1481.9,799.25,1456.5,3469.3,983.91,3279.6,8522.2,4442.3,1000.4,6581.7,2370.3,1205.5,20194,21593,10256,29871,14362,6346.8,3888.7,6211.8,8988.9,7927.6,5731.4,6891.4,5346.1
3643.5,8201,11204,7969.2,14824,18300,15700,12416,6382.3,3880.6,3246.5,5784.7,5682.4,6634.9,8215.5,6155.8,5043.3,9461.8,11657,14877,9598.6,7985.6,6661.2,2790.4,26385,10561,2901.3,3036.9,3135,1611,5297,6019.3,2541.6,1971.5,1462.8,3256.2,985.26,1142.5,1105.3,12182,6681.1,1727.8,2134.3,8265,8669.2,11810,20192,19160,19237,19945,22912,20336
12802,11702,11441,13945,33509,22825,15758,15081,17286,26257,21624,13614,12197,28189,20277,7122.5,11307,11347,8773.4,4187.2,3025.8,7172.2,1797.7,2952,16484,18885,11065,6090.9,6925.6,2134.5,3863.7,2260.3,4380.5,3986.6,2379.3,1149.3,1266,1227.9,817.91,1179.9,1008.8,917.52,830.96,1218.8,1180.7,1011.6,1154.8,1214.2,1043.8,3116.3,13983,8547.2
15619,12598,9808.8,16490,16032,14825,12978,16468,5990.8,3467.5,5784.9,9253.8,12856,10984,10843,7375.4,3631.9,7319,15213,7173.9,11592,14796,6680.3,3116.3,2045.7,2427.8,1545.1,1528.8,803.88,2044.8,2317,6369.2,8014.6,3991.6,4812.9,29516,9355.8,4386.2,2932.9,1611.2,1335.9,1618.1,1966.5,1323.6,1113.9,1331.9,2255.5,5020.8,12568,6421,7219,11174
12000,45484,25999,28321,13704,23153,8431.4,15370,15457,11629,52655,51646,26031,9413,6276.4,7653,4299.1,6001.9,4238,7556.9,7023.1,10592,3700.5,3281.5,1740.8,1354.8,1997.9,49093,29598,29059,5893.2,3345,1556.7,1751.8,2554.4,3388.8,3198.3,8206.6,39383,6063.4,3291.2,3511,2307.1,2651.7,2360,7879.5,3969.6,5455.5,3081,3727.5,4237.2,11849
17106,10180,5508.8,14044,21412,7638.5,3927.6,3417.3,2920,4735.1,5091.1,4755.4,3174.8,5544.4,2812.1,2028.3,1481.6,2432.6,2186.2,3411,2042.2,1853.5,8437,1912.9,6858.6,5335.6,1840.8,1178.7,570.21,471.38,1438.9,877.82,683.38,707.82,485.35,470.12,561.72,1122.5,629.22,1415.1,4710.2,3046.7,5875.8,1475.4,907,1232.3,1839.5,4584,6671.6,11401,12472,8709.4
4430.1,13977,13420,4976.6,3539.7,2499.6,2770,2576.4,8326.1,18922,12752,15454,10983,11919,6274.6,4141.2,3587.7,2014.6,1735.3,943.5,1508.6,3356.7,1669.8,1093.4,1351.9,1473.1,617.94,1934,572.48,413.86,470.96,839.9,671.53,1640.8,1117.6,2832.1,8165.7,2393.2,1331.9,1008.6,996.93,4805.9,6193.6,5209.9,6090.8,2692.8,1433.3,2707.4,5736.3,4679.4,9231.2,9743.3
11601,32137,43041,67196,17986,5590.7,4490.1,4387.2,6399.4,27331,18777,8372.2,13779,4157.1,3516.1,9467.3,46148,36114,36790,19251,6190.3,3385.1,4448.6,3390.7,1975.8,4496.7,2244,2686.6,14191,2226.5,5424.1,16198,4794.9,2398.1,5929.5,2953.8,1384,1121.1,972.8,2336.2,1312.3,945.72,890.47,817.4,1022.3,1620.8,1660.3,2945.7,11200,6671.6,3047.3,8452.7
16894,20424,33397,30147,12575,13084,15048,56694,48956,15260,12474,19529,9919.8,12530,11664,6903.6,5663,3990.1,8586.2,17368,7318.7,8018.3,9819,11400,7538.3,2395.4,1499.5,962.29,2463,3191.6,3548.5,920.21,747.47,750.84,1120.5,25628,6614.8,23338,10127,15014,4554.4,2546.2,2426.2,3925.5,10516,16449,6446.6,16762,4613.7,4416.7,3236.3,3948
4559.5,11696,18850,14249,6941.7,6144.4,10801,5990.1,5574.1,19390,17893,28352,20673,13204,12355,9435.9,3447.2,3435.7,1562.4,1546,10116,8451.3,5229.7,3311.7,3150.7,20499,3583.4,4050.8,1983.1,2404.4,2210.5,1047.8,764.06,1226.3,661.41,2183.4,690.94,551.95,813.29,1707.5,986.63,1269.5,1072.1,1667.6,1735.3,1147.6,1447,2363.6,1224.5,1727.3,1312.3,2005.3
2574.1,1717.7,1334.8,2134.5,3142.4,5032.2,15701,9091.3,4393.7,4861.5,2926.1,3925,3816.4,4736.8,3371.2,2327.4,1785.3,1221.7,1542.8,1374.2,2382.7,2176.4,3179.3,2307.5,2801.4,697.32,10857,7852.4,2546.9,3865.2,3012.6,1361.8,1405.8,3672.5,3397.4,10625,4779.4,3386.1,1443.2,2693.3,2217.9,2344.9,6325.7,4958.9,1739.8,1558,1604.6,1926.4,1878.6,2831,6570,16388
33323,13924,9572.1,16575,17565,12461,20097,15421,19519,17559,10768,12708,5949.5,4634,4901.6,4831.6,9137.5,19660,7000.2,4841.6,9083.2,8996.1,34097,35286,52749,8854.7,5880.2,3226.8,4838.4,3685.3,8956.8,6739,1912.1,905.63,734.67,992.36,767.18,822.62,1460.6,1780.9,1529.9,1416.1,7381,2642.9,3312.2,3309.2,2358.7,3262.4,3491.3,19512,13553,6941.7
10355,5753.3,3317.3,6398.7,12067,12149,34214,16942,15607,21882,20461,35617,19724,17348,19335,29216,16082,10346,5950,8122.8,9613,4102.6,5165,6183.8,2889.8,2067.9,3047.3,1409.3,588.37,766.22,1042.2,1153.9,626.59,622.52,495.59,572.99,995.17,850.86,613.84,603.13,792.77,917.98,3800.7,1179.1,1774.4,4173.7,9572.7,7953.1,20408,26121,20397,15767
9230.3,27993,23479,17816,10833,9595,37057,36232,32304,38986,22230,21068,32078,26107,17543,16484,13040,9903.2,12577,6177.8,3046.2,10567,4227.6,1886.4,1566.9,5649.6,2466.7,2574.5,14421,36785,23108,8027.3,9825.3,2717,2480.2,2296.7,1581.7,1986.1,891.02,3162.1,986.12,811.74,1001.8,1154.4,1167.7,1236.6,1507.4,2131,6832.5,3418.4,2272.6,1890.8
18002,8271.5,5737.5,4270.4,24007,18772,25291,11986,11015,4468.5,3059.3,3761.5,4994.4,3062.4,2162.5,2796.9,1699.6,2864,2737.5,3098.1,4110.1,1729.2,1186.6,1208.8,885.95,1199.2,2336,1133.8,813.04,4817.3,12069,6619.1,6829.9,11752,8442.4,2140.8,919.16,675.39,1480.6,1841.7,828.89,815.48,1302.8,4034.2,18932,6460.8,20537,20933,10589,9289.2,6480.1,5399.3
2611.3,2292.5,2296.6,4613.4,4414.3,4068.2,4827.5,4851.5,5505.5,3533,12216,10897,6121.4,3024.7,2157.9,2045.5,1754.5,1320.3,1050.8,1355.2,2323.5,1416.1,991.8,785.86,623.33,712.33,780.38,611.49,389.48,1492.4,877.23,1360.3,1356.7,9728.1,2414.1,1307.5,902.51,577.26,509.69,578.78,660.82,910.58,1314.5,1069,1323.1,1641.8,1767.5,1821.2,1967.9,3700.7,2242.8,13766
12426,4851.2,19096,18716,18230,9202.9,6945.2,20248,62402,25351,9105.7,8823.7,11708,14580,11783,41003,20961,7246.6,2625.2,4510.4,3998.2,3087,1216.2,1418.2,1192.9,859.9,7472.8,1026,639.85,464.62,451.86,831.14,642.92,776.21,656.72,6882.5,5175.7,1401.3,905.73,786.13,689.88,657.62,1711.1,1106.3,1065.8,1400.5,1305.9,4279.4,1967.8,5167.9,3628.9,10156
10898,8788.8,12898,9515,7045.7,7121.8,5781,5396.1,3210.3,3039.5,4230.4,4006,2840.5,2191.7,3851.3,8490.6,3423.1,1788.6,3293.9,2457.3,4621.6,2477.3,1492.9,1522.1,1215.5,895.55,674.33,581.74,637.49,1182.3,1297.7,701.4,778.2,603.31,1856.3,1316.1,1716,915.84,686.8,3232.1,1608.5,1098.2,1590.6,4583.9,3712.5,3529.4,3625.2,6686.5,2371.1,2056.1,1787.2,1919
4409.6,3131.1,3938,2612.4,3050.4,5937.9,4726.1,30198,33597,30677,21454,32594,32478,10422,12498,11110,8579.5,28807,18146,7917.9,5387.9,2690.8,8033.1,11580,8196.1,6033.6,3391.4,3756.3,7815.7,7673.4,8802,3327.5,6591.2,6630.5,3374.4,1435.6,1081.2,2920.9,7028.9,33513,11074,9054.1,5534.5,3840.4,5077.7,4064.5,5191.4,5297.2,3374,26827,11877,8287.4
15412,18994,8189.3,15473,12063,18530,15269,22257,16381,8788.1,6521.6,7900,15490,22013,9091.3,5838.4,2838.9,15990,10680,5258.3,10871,19784,4762,2220.5,1522.3,956.89,655.59,1423.2,1301,503.58,431.3,776.43,1261.6,2222.2,1655.8,893.13,897.79,612.24,491,1067.4,6768.4,3742.4,40083,12841,3989.4,3611.5,1973.2,4669.1,9749.5,6076,7754.2,9861.2
10987,41708,22972,20399,11161,4715.2,3641.3,3914.8,16433,17479,10312,10819,25923,13507,5425.4,10055,6599.9,6500.8,3416.3,3989.1,6956.8,3787.6,2519.1,1614.4,2007.5,3811.9,3462.3,2740.3,1898.1,1326.7,2378.3,1428.3,1922.3,1125.9,1685.7,1124.9,727.82,755.53,4970.4,3625.6,1565.7,2248,1070.2,1019.8,1486.7,1670.4,1213.7,1482.2,2223.9,1717.9,1411.4,5536.1
24957,6139.8,3283.9,4015.3,5422.7,3837,3495,3962.4,15244,9486.7,6664,5779.2,7735.5,5705.6,5133.2,6397.6,24710,4191.2,3622.2,2275.6,2197,3942.7,5696.2,11475,5950.1,7883.8,6692,1593.1,724.35,4443.7,2036.7,637.24,6240.2,3157.4,1331.2,1259.6,897.93,709.17,1440.4,3025.1,2169.3,980.62,840.9,4876.3,5427.5,6147.2,7737,17739,4555.4,15542,5584,6049.5
11008,36896,15018,20705,6681.4,5659.6,12202,11496,10560,57088,29232,23352,37872,31387,33071,22881,9918.1,6749.4,4530.1,3343.5,2502.3,2960.8,2420.1,1690.4,1136.6,805.52,4755.8,1246.6,1525.1,2781.5,912.12,1028.1,2114.8,1415.9,1005.1,1191.6,2036.4,1809.2,1054.9,592.96,671.67,832.42,705.88,2335.1,1799,1230.3,998.46,7077.4,4752.2,2715,8198.2,6180.3
7861.2,8645.7,9300.7,7274.5,11827,8468.4,19559,11527,37943,27146,9158,5825.1,24323,10532,6008.3,11471,2969.2,2837.9,3261.6,1675.1,1145.7,1241.8,1185.2,1482.1,1156.3,3168.8,1651.1,1182.8,897.72,7125.4,7525.8,1597,2276.3,3459.5,3118.8,2262.1,759.99,850.2,1033.9,708.88,859.41,2776.1,1478.2,1109.1,1022.2,1162.3,1931.7,2105.7,1774.6,1722,1739.3,2362.8
4471,6984.2,20206,6670.8,7537.4,4548.3,28964,20795,15555,23581,8818.6,4531.2,3561.5,3966.4,3467.5,2463.3,2078.5,2599,2086.4,2207.4,1394.3,5753.4,3692.9,15889,23285,41080,13252,3502.6,2080,4482.4,5571.6,4020.9,2200.5,1192,12786,1928.2,1187.2,1413.1,1712,4105.4,7293.4,22849,16528,9120,18729,19820,7347.8,6442.7,5278.2,6481.5,6568.2,5431
6806.8,9123,32184,22271,18296,16017,8689.5,11677,5884.4,11514,11932,14674,8319.8,12433,7420.5,5194,3496.4,8267.8,6616.6,6747.7,2385.3,7686,2470.2,4776.3,2896.7,1541.4,635.38,910.32,1669.6,4739,4874.4,6449.6,3073.8,1271.7,1511.7,1.2908e+005,10712,6265.4,3444,4276.7,14943,8552.1,3793.2,3227.9,3997.4,3343.2,3551.9,8808.3,15021,9208.6,5977.9,7995.4
6402.2,11890,11126,7615.8,8301.6,7774.1,22218,12403,10399,12988,8376,14015,6976.6,10153,7548.1,5986.5,22344,29198,6997,3911,2444.1,3653,7011.4,3946.2,2359.6,1845.8,3377.4,2782,2371.4,3564.1,2117.1,824.8,579.52,1776.4,575.39,455.67,2258.2,1422,1114.6,1378.6,756.18,1270.2,1547,1836.9,1755.1,2033,5464.1,2423,3990.9,2906.7,2324.2,9918.6
9688.6,16304,24763,49508,33657,29442,37156,26245,12676,19502,26329,58010,13050,8979.1,14365,17078,6637.4,9737,8491.4,5594.8,5236.9,4469,3441.6,2281.8,1312.7,879.52,578.65,1307.7,754.13,893.28,676.55,730.46,1149.2,601,1148,2997.8,762.3,546.89,425.27,673.64,1001.6,686.36,604.38,634.37,665.63,704.61,1119.7,1058.7,874.16,2427,2195.2,4087.8
11804,3671.2,6583.1,25398,11154,4442.5,3061.3,4237.8,3366.7,3481.1,6903.7,8502.1,5459.9,5494.3,3401,3819.8,2614,12951,3119.5,4325.5,1812.9,932.49,655.84,2197.9,1731,1174.5,1487.5,1774.4,1923.4,606.71,474.67,543.43,722.47,936.05,3351.1,14466,31274,32756,34828,5549.5,3303.2,7243,6190.7,3066.2,3277.2,2254.7,1865,4565.5,3395.4,5101.8,4374.5,4226.9
3898.2,9259.9,4631.7,8608.9,22436,14155,14632,10022,4583.1,2252,6915.2,11491,6116.9,5126.5,4967.5,13508,9711.8,8564.5,2786,1268.8,1577.6,2222.8,2400.7,3700.5,6124.3,3143.6,1650.1,1242.7,1207.9,6745,9200.9,4260,2212,1099.2,3081.3,8791.8,5737.6,4334.7,10936,3158.9,1196.3,980.95,843.65,829.42,930.08,1164,1572.4,2501.2,1528.6,1602.3,2855.7,1641.4
1873.8,1930.1,3941.1,5222,2490.6,2982.7,6436.6,6700.5,4997.3,6048.7,3929.7,21795,26220,24087,6496.8,3862,3240.3,2853.5,1899.8,2528,2468.5,5680.1,4806,2521.2,3971.7,2472.9,2162.4,1237.3,635.18,5122.6,4171.7,1294.1,1915.2,2388.5,1948.5,1271.3,992.49,927.22,1337.9,909.89,836.46,903.98,699.88,653.73,679.95,692.5,726.96,988.61,997.46,1476.3,1368.1,1419.6
1941.7,4605,8491.7,13515,5367.7,4130.6,3360.4,2229.6,4026.9,4813.2,3614.3,5019.9,3978.3,4775.2,2872.5,2428.1,2183.9,1036.2,1067.7,813.8,582.16,554.8,623.71,489.84,544.81,1163.4,864.84,672.38,574.53,1472.3,1635.8,574.88,470.42,425.04,7310.9,3797.6,1902.7,1099.9,1087.2,3244.9,34855,16147,7164.4,12531,6753,23620,14171,7608.1,11883,27088,12030,23921
11244,5614,4311.3,3928.4,10694,13114,10452,26691,31239,17441,15991,56218,25498,22988,65130,21291,9593.9,5961.6,4725.6,5941.9,30523,25135,23894,13719,19901,8404.1,19889,6201,10431,7895.5,6729.5,34095,13124,8408.3,5389.2,8798.8,3960.7,25714,13978,1708.3,3281.9,2509.8,1585.9,6937.3,2949.9,1728.5,3321.1,2658.1,3168.8,17070,10338,5697.1
4040.2,3521.4,3327.8,3281,9477.8,10958,8263.3,7754.7,9096.2,7579.6,5218.1,5301.8,3575.4,5867.6,5451.8,7467.1,2738,6317.4,5271.6,2149.8,1417.4,2155.3,6287.4,2672.7,2478.7,2057.6,4314.9,1641.3,1134.9,1460.6,6083.9,1059.7,8294.5,4844.8,11297,12240,14300,11765,5123.8,3553.3,3178.6,5537,2997.6,1687.4,1954,10440,5026.4,10309,5464.8,20592,3883.7,6005.5
4608.4,3512,19689,5693.6,6628.4,7528.6,4848.3,3973.4,14642,9903.7,9268.1,14934,21403,10346,7603.9,6808.7,3646.7,3293.2,3595.6,2675.3,2403.1,1472.1,2960.3,3868.4,1272.2,1865.1,4560.3,3394.1,1553.9,1192.8,2111.2,2426.6,2050.1,1768.4,983.27,967.45,658.2,895.56,620.26,547.46,2533.4,1348,934.98,923.24,726.94,629.03,2010.7,4385.9,9502.2,5941.4,16332,7782.5
5046.8,4336.2,4518.6,4710.2,3490.6,3060.2,3225.7,2405.2,2986,2262.4,1883.7,2462.6,2543.6,2602.7,2356.7,1746.2,7770.8,2265,2974,3001.3,1120.4,2019.2,1775.7,11483,2938.3,19447,20313,3781.9,1223.5,1754.8,691.7,740.87,768.04,1066.9,5377.2,3328.1,3864.5,2728.8,1132.1,1209.6,2274.9,1487.4,1787,3508.9,8274.4,18549,41273,13679,4887.6,3305.5,3780.9,18492
13794,14077,5206.2,8386.8,6663.3,6323.2,9742.6,5404.5,15099,9101.8,12315,6311.9,6762.3,3946.3,13208,24343,6509.4,1938.7,2018.2,2288.9,1034.7,1051.4,3591.4,1353.5,944.47,1097.5,940.23,1719.4,1627.4,1285,859.62,1256.1,850.96,552.11,1045.3,745.82,684.61,642.09,551.81,432.88,430.1,472.02,6501.3,3149.1,907.46,1135.7,603.02,580.01,559.02,699.22,816.26,8291.5
4581.3,1509.8,2549.9,2290.9,2662.8,1579.8,3581.3,3496.3,3409.4,13925,7344,3657.8,2439.6,17989,11995,3701.3,6215.3,8604.5,2800.6,2464.2,1672.8,1963,1883,1147.8,1161.7,1013.8,1890.2,2326.3,1451.9,2192.7,1868.6,1406.1,5612,3195.7,13019,13654,8204.2,6521.4,6136.2,4218.4,1531.4,1132.6,1164.2,932.31,1334.1,2111.9,2296,4027.8,4972.1,13589,7921.8,7499.6
7772.5,11240,4996.5,5249.6,5055.3,2989,2302.6,3180.7,16207,20584,16195,9221,13841,9307,6208.5,6966.4,3301.5,2112.5,5549.1,2675.6,2403.7,2660.4,12807,10684,8437.1,1949.8,1145.7,1006,1262.1,1096,1591.4,582.38,808.25,1262.2,1154.7,1057.7,665.69,604.3,4876.6,2032.4,845.7,839.58,958.82,3118.2,887.59,37025,17701,8359.5,20827,26103,12207,28845
9563.8,5117.2,12347,30729,17629,43952,13702,8517.1,8178.7,9693,11942,5456.9,14196,6987.5,4318.8,2931.7,2616,2658.9,1773,4542,11967,10469,2666.2,3846.1,3303.6,1058,696.06,1583.1,5719.9,1365.2,2656.2,4014.8,949.12,1676.2,1152.8,370.66,358.8,343.1,7301.3,12881,1681.3,1058.6,2016.6,2996.5,2088.3,1352.8,1401.2,2049.4,2102.5,2182.6,3292.9,2752.1
